номер;дата приёма;бренд;тип техники;гарантия;статус;мастер;дата выдачи;примечание
2409-001;02.09.2026;Samsung;стиральная машина;да;выдана;Марат;09.09.2026;
2409-002;02.09.2026;LG;холодильник;да;выдана;Ерлан;15.09.2026;ждали компрессор
2409-003;03.09.2026;Bosch;посудомойка;нет;выдана;Марат;05.09.2026;платно 18000
2409-004;03.09.2026;Samsung;телевизор;да;в ремонте;Ерлан;;акт вернули — нет серийного номера
2409-005;04.09.2026;Artel;стиральная машина;да;выдана;Марат;06.09.2026;
2409-006;04.09.2026;Haier;кондиционер;да;ждёт запчасть;Серик;;плата управления, заказ 05.09
2409-007;05.09.2026;LG;телевизор;нет;отказ клиента;;;дорого
2409-008;05.09.2026;Samsung;холодильник;да;выдана;Ерлан;12.09.2026;
2409-009;08.09.2026;Bosch;варочная панель;да;?;;;клиент Айгуль +7 701 555 12 34 звонила 22.09 — аппарат не нашли
2409-010;08.09.2026;Artel;микроволновка;нет;выдана;Серик;08.09.2026;платно 6000
2409-011;09.09.2026;Haier;стиральная машина;да;в ремонте;Марат;;
2409-012;09.09.2026;Samsung;стиральная машина;да;выдана;Марат;16.09.2026;акт вернули — неверный код дефекта, переделали
2409-013;10.09.2026;LG;холодильник;да;ждёт запчасть;Ерлан;;
2409-014;10.09.2026;Indesit;стиральная машина;нет;выдана;Серик;11.09.2026;платно 12000
2409-015;11.09.2026;Samsung;телевизор;да;выдана;Ерлан;18.09.2026;
2409-016;11.09.2026;Haier;холодильник;да;выдана;Серик;25.09.2026;ждали запчасть 10 дней
2409-017;12.09.2026;Samsung;стиральная машина;да;выдана;Марат;15.09.2026;
2409-018;12.09.2026;LG;стиральная машина;нет;выдана;Ерлан;13.09.2026;платно 9000
2409-019;15.09.2026;Artel;телевизор;да;в ремонте;Серик;;
2409-020;15.09.2026;Samsung;холодильник;да;выдана;Марат;29.09.2026;ждали компрессор 12 дней, срок 14
