код;описание;группа
LG-A01;не включается;питание
LG-A02;самопроизвольное выключение;питание
LG-B10;не сливает воду;гидравлика
LG-B11;не набирает воду;гидравлика
LG-B12;протечка;гидравлика
LG-C20;не греет;нагрев
LG-C21;перегрев;нагрев
LG-D30;шум при отжиме;механика
LG-D31;не вращается барабан;механика
LG-E40;ошибка платы управления;электроника
LG-E41;не работает дисплей;электроника
LG-E42;не реагирует на кнопки;электроника
LG-F50;не морозит;холод
LG-F51;намерзание льда;холод
LG-F52;компрессор не запускается;холод
LG-G60;нет изображения;видео
LG-G61;полосы на экране;видео
LG-G62;нет звука;аудио
LG-H70;механическое повреждение;корпус
LG-Z99;дефект не подтверждён;прочее
