лицевой;район;долг, тг;месяцев долга;последняя оплата;стадия;дата последнего уведомления;льгота;примечание
10234***;Казыбек би;48 300;3;12.06.2026;SMS;05.09.2026;;
10235***;Казыбек би;126 900;7;;претензия;02.09.2026;;не отвечает, дверь не открывают
10240***;Октябрьский;31 450;2;28.08.2026;SMS;05.09.2026;;
10241***;Октябрьский;0;0;08.09.2026;претензия;02.09.2026;;заплатил 08.09, претензия уже ушла — жалоба
10242***;Октябрьский;212 000;11;15.01.2026;ограничение;20.08.2026;многодетные;ограничили 22.08, комиссия не собиралась
10250***;Казыбек би;17 800;2;30.07.2026;SMS;05.09.2026;;
10251***;Казыбек би;17 800;2;30.07.2026;SMS;05.09.2026;;дубль строки? тот же лицевой
10260***;Алихана Бокейханова;390 500;14;;юристы;10.07.2026;;пакет на надпись, нотариус вернул — нет расчёта пени
10261***;Алихана Бокейханова;74 200;4;03.08.2026;претензия;02.09.2026;;обещал заплатить до 20.09
10262***;Алихана Бокейханова;5 600;5;11.04.2026;SMS;05.09.2026;;долг маленький, в претензии не берём
10270***;Октябрьский;88 000;5;;претензия;;;претензия не напечатана — нет адреса в выгрузке
10271***;Октябрьский;152 300;8;19.02.2026;ограничение;20.08.2026;инвалид 2 гр.;
10280***;Казыбек би;64 100;3;21.08.2026;SMS;05.09.2026;;платит частями, по 15 000
10281***;Казыбек би;2 100 000;26;;ЧСИ;15.03.2026;;юрлицо? в выгрузке физлиц
10282***;Казыбек би;43 700;3;;SMS;;;телефона нет, SMS не ушла
10290***;Алихана Бокейханова;95 000;6;01.09.2026;претензия;02.09.2026;;оплатил 50% после претензии
10291***;Алихана Бокейханова;27 300;2;14.08.2026;SMS;05.09.2026;;
10292***;Алихана Бокейханова;118 600;7;;ограничение;20.08.2026;;жалоба в акимат
10300***;Октябрьский;56 900;3;05.09.2026;SMS;05.09.2026;;оплата и SMS в один день
10301***;Октябрьский;301 200;12;;юристы;10.07.2026;;суд, заседание 30.09
